file_name,function_name,code_snippet,commit_message
auth.py,login,"def login(user):
    if user.check_password():
        return True
    return False","Added basic login logic"
auth.py,logout,"def logout():
    session.clear()
    return 'Logged out'","Implemented logout"
auth.py,reset_password,"def reset_password(user_email):
    token = generate_reset_token(user_email)
    send_email(user_email, token)","Added password reset functionality"
main.py,main,"def main():
    app.run(debug=True)","App entry point"
db.py,connect_db,"def connect_db():
    return sqlite3.connect('database.db')","Setup DB connection"
utils.py,get_timestamp,"def get_timestamp():
    return datetime.datetime.now().isoformat()","Add timestamp utility"
utils.py,hash_password,"def hash_password(password):
    return hashlib.sha256(password.encode()).hexdigest()","Secure password hashing"
api.py,get_user,"def get_user(user_id):
    return db.get(user_id)","Fetch user from database"
api.py,create_user,"def create_user(data):
    user = User(**data)
    db.save(user)","Add user creation API"
analytics.py,track_login,"def track_login(user_id):
    log_event(user_id, 'login')","Track user logins"
analytics.py,track_logout,"def track_logout(user_id):
    log_event(user_id, 'logout')","Track user logouts"
